[
  {
    "id": 1,
    "name": "Bulbasaur",
    "types": ["Grass", "Poison"],
    "images": ["bulbasaur","bulbasaur1","bulbasaur2"],
    "description": "For some time after its birth, it uses the nutrients that are packed into the seed on its back in order to grow.",
    "location": { "latitude": 10.72991265, "longitude": 106.693208239997 },
    "stats": { "hp": 45, "attack": 49, "defense": 49, "speed": 45, "special": 65, "special_defense": 65 },
    "battlePower": 3.2,
    "rating": 4.8
  },
  {
    "id": 2,
    "name": "Ivysaur",
    "types": ["Grass", "Poison"],
    "images": ["ivysaur","ivysaur1","ivysaur2"],
    "description": "The more sunlight Ivysaur bathes in, the more strength wells up within it, allowing the bud on its back to grow larger.",
    "location": { "latitude": 10.728722, "longitude": 106.7168528 },
    "stats": { "hp": 60, "attack": 62, "defense": 63, "speed": 60, "special": 80, "special_defense": 80 },
    "battlePower": 3.2,
    "rating": 4.8
  },
  {
    "id": 3,
    "name": "Venusaur",
    "types": ["Grass", "Poison"],
    "images": ["venusaur","venusaur1","venusaur2"],
    "description": "While it basks in the sun, it can convert the light into energy. As a result, it is more powerful in the summertime.",
    "location": { "latitude": 10.729786, "longitude": 106.703445 },
    "stats": { "hp": 80, "attack": 82, "defense": 83, "speed": 80, "special": 100, "special_defense": 100 },
    "battlePower": 3.2,
    "rating": 4.8
  },
  {
    "id": 4,
    "name": "Charmander",
    "types": ["Fire"],
    "images": ["charmander","charmander1","charmander2"],
    "description": "The flame on its tail shows the strength of its life-force. If Charmander is weak, the flame also burns weakly.",
    "location": { "latitude": 10.77306, "longitude": 106.70083 },
    "stats": { "hp": 39, "attack": 52, "defense": 43, "speed": 65, "special": 60, "special_defense": 50 },
    "battlePower": 3.2,
    "rating": 4.8
  },
  {
    "id": 5,
    "name": "Charmeleon",
    "types": ["Fire"],
    "images": ["charmeleon","charmeleon1","charmeleon2"],
    "description": "When it swings its burning tail, the temperature around it rises higher and higher, tormenting its opponents.",
    "location": { "latitude": 10.770963, "longitude": 106.703008 },
    "stats": { "hp": 58, "attack": 64, "defense": 58, "speed": 80, "special": 80, "special_defense": 65 },
    "battlePower": 3.2,
    "rating": 4.8
  },
  {
    "id": 6,
    "name": "Charizard",
    "types": ["Fire", "Flying"],
    "images": ["charizard","charizard1","charizard2"],
    "description": "If Charizard becomes truly angered, the flame at the tip of its tail burns in a light blue shade.",
    "location": { "latitude": 10.778056, "longitude": 106.701667 },
    "stats": { "hp": 78, "attack": 84, "defense": 78, "speed": 100, "special": 109, "special_defense": 85 },
    "battlePower": 3.2,
    "rating": 4.8
  },
  {
    "id": 7,
    "name": "Squirtle",
    "types": ["Water"],
    "images": ["squirtle","squirtle1","squirtle2"],
    "description": "After birth, its back swells and hardens into a shell. It sprays a potent foam from its mouth.",
    "location": { "latitude": 10.77656, "longitude": 106.70304 },
    "stats": { "hp": 44, "attack": 48, "defense": 65, "speed": 43, "special": 50, "special_defense": 64 },
    "battlePower": 3.2,
    "rating": 4.8
  },
  {
    "id": 8,
    "name": "Wartortle",
    "types": ["Water"],
    "images": ["wartortle","wartortle1","wartortle2"],
    "description": "Wartortle’s long, furry tail is a symbol of longevity.",
    "location": { "latitude": 10.77167, "longitude": 106.70444 },
    "stats": { "hp": 59, "attack": 63, "defense": 80, "speed": 58, "special": 65, "special_defense": 80 },
    "battlePower": 3.2,
    "rating": 4.8
  },
  {
    "id": 9,
    "name": "Blastoise",
    "types": ["Water"],
    "images": ["blastoise","blastoise1","blastoise2"],
    "description": "It deliberately increases its body weight so it can withstand the recoil of the water jets it fires.",
    "location": { "latitude": 10.77252, "longitude": 106.69802 },
    "stats": { "hp": 79, "attack": 83, "defense": 100, "speed": 78, "special": 85, "special_defense": 105 },
    "battlePower": 3.2,
    "rating": 4.8
  },
  {
    "id": 10,
    "name": "Caterpie",
    "types": ["Bug"],
    "images": ["caterpie","caterpie1","caterpie2"],
    "description": "For protection, it releases a horrible stench from the antenna on its head to drive away enemies.",
    "location": { "latitude": 10.77972, "longitude": 106.69917 },
    "stats": { "hp": 45, "attack": 30, "defense": 35, "speed": 45, "special": 20, "special_defense": 20 },
    "battlePower": 3.2,
    "rating": 4.8
  },
  {
    "id": 11,
    "name": "Metapod",
    "types": ["Bug"],
    "images": ["metapod","metapod1","metapod2"],
    "description": "It is waiting for the moment to evolve.",
    "location": { "latitude": 10.77694, "longitude": 106.69528 },
    "stats": { "hp": 50, "attack": 20, "defense": 55, "speed": 30, "special": 25, "special_defense": 25 },
    "battlePower": 3.2,
    "rating": 4.8
  },
  {
    "id": 12,
    "name": "Butterfree",
    "types": ["Bug", "Flying"],
    "images": ["butterfree","butterfree1","butterfree2"],
    "description": "It loves the nectar of flowers and can locate flower patches.",
    "location": { "latitude": 10.779475, "longitude": 106.692132 },
    "stats": { "hp": 60, "attack": 45, "defense": 50, "speed": 70, "special": 90, "special_defense": 80 },
    "battlePower": 3.2,
    "rating": 4.8
  },
  {
    "id": 16,
    "name": "Pidgey",
    "types": ["Normal", "Flying"],
    "images": ["pidgey","pidgey1","pidgey2"],
    "description": "Very docile. If attacked, it will often kick up sand to protect itself rather than fight back.",
    "location": { "latitude": 10.77972, "longitude": 106.69917 },
    "stats": { "hp": 40, "attack": 45, "defense": 40, "speed": 56, "special": 35, "special_defense": 35 },
    "battlePower": 1.5,
    "rating": 2.8
  },
  {
    "id": 17,
    "name": "Pidgeotto",
    "types": ["Normal", "Flying"],
    "images": ["pidgeotto","pidgeotto1","pidgeotto2"],
    "description": "This Pokémon is full of vitality. It constantly flies around its large territory in search of prey.",
    "location": { "latitude": 10.78000, "longitude": 106.70000 },
    "stats": { "hp": 63, "attack": 60, "defense": 55, "speed": 71, "special": 50, "special_defense": 50 },
    "battlePower": 2.2,
    "rating": 3.5
  },
  {
    "id": 18,
    "name": "Pidgeot",
    "types": ["Normal", "Flying"],
    "images": ["pidgeot","pidgeot1","pidgeot2"],
    "description": "This Pokémon flies at Mach 2 speed, seeking prey. Its large talons are feared as wicked weapons.",
    "location": { "latitude": 10.76970, "longitude": 106.70270 },
    "stats": { "hp": 83, "attack": 80, "defense": 75, "speed": 101, "special": 70, "special_defense": 70 },
    "battlePower": 3.5,
    "rating": 4.2
  },
  {
    "id": 25,
    "name": "Pikachu",
    "types": ["Electric"],
    "images": ["pikachu","pikachu1","pikachu2"],
    "description": "When it is angered, it immediately discharges the energy stored in the pouches in its cheeks.",
    "location": { "latitude": 10.77948, "longitude": 106.69213 },
    "stats": { "hp": 35, "attack": 55, "defense": 40, "speed": 90, "special": 50, "special_defense": 50 },
    "battlePower": 2.8,
    "rating": 4.0
  },
  {
    "id": 26,
    "name": "Raichu",
    "types": ["Electric"],
    "images": ["raichu","raichu1","raichu2"],
    "description": "Its tail discharges electricity into the ground, protecting it from getting shocked.",
    "location": { "latitude": 10.77252, "longitude": 106.69802 },
    "stats": { "hp": 60, "attack": 90, "defense": 55, "speed": 110, "special": 90, "special_defense": 80 },
    "battlePower": 3.4,
    "rating": 4.1
  },
  {
    "id": 27,
    "name": "Sandshrew",
    "types": ["Ground"],
    "images": ["sandshrew","sandshrew1","sandshrew2"],
    "description": "It digs deep burrows to live in. When in danger, it rolls up its body to withstand attacks.",
    "location": { "latitude": 10.77670, "longitude": 106.70322 },
    "stats": { "hp": 50, "attack": 75, "defense": 85, "speed": 40, "special": 20, "special_defense": 30 },
    "battlePower": 2.0,
    "rating": 3.0
  },
  {
    "id": 28,
    "name": "Sandslash",
    "types": ["Ground"],
    "images": ["sandslash","sandslash1","sandslash2"],
    "description": "It is adept at attacking with the spines on its back and its sharp claws while quickly scurrying about.",
    "location": { "latitude": 10.76847, "longitude": 106.69278 },
    "stats": { "hp": 75, "attack": 100, "defense": 110, "speed": 65, "special": 45, "special_defense": 55 },
    "battlePower": 3.0,
    "rating": 3.8
  },
  {
    "id": 35,
    "name": "Clefairy",
    "types": ["Fairy"],
    "images": ["clefairy","clefairy1","clefairy2"],
    "description": "On nights with a full moon, Clefairy gather from all over and dance. Bathing in moonlight makes them float.",
    "location": { "latitude": 10.76718, "longitude": 106.69355 },
    "stats": { "hp": 70, "attack": 45, "defense": 48, "speed": 35, "special": 60, "special_defense": 65 },
    "battlePower": 2.5,
    "rating": 3.7
  },
  {
    "id": 36,
    "name": "Clefable",
    "types": ["Fairy"],
    "images": ["clefable","clefable1","clefable2"],
    "description": "Said to live in quiet, remote mountains, this type of fairy has a strong aversion to being seen.",
    "location": { "latitude": 10.76966, "longitude": 106.69920 },
    "stats": { "hp": 95, "attack": 70, "defense": 73, "speed": 60, "special": 95, "special_defense": 90 },
    "battlePower": 3.0,
    "rating": 4.0
  },
  {
    "id": 56,
    "name": "Mankey",
    "types": ["Fighting"],
    "images": ["mankey","mankey1","mankey2"],
    "description": "It lives in groups in the treetops. If it loses sight of its group, it becomes infuriated by its loneliness.",
    "location": { "latitude": 10.79171, "longitude": 106.69789 },
    "stats": { "hp": 40, "attack": 85, "defense": 35, "speed": 70, "special": 35, "special_defense": 45 },
    "battlePower": 2.6,
    "rating": 3.3
  },
  {
    "id": 57,
    "name": "Primeape",
    "types": ["Fighting"],
    "images": ["primeape","primeape1","primeape2"],
    "description": "It becomes wildly furious if it even senses someone looking at it. It chases anyone that meets its glare.",
    "location": { "latitude": 10.79500, "longitude": 106.72194 },
    "stats": { "hp": 65, "attack": 105, "defense": 60, "speed": 95, "special": 60, "special_defense": 70 },
    "battlePower": 3.2,
    "rating": 3.9
  },
  {
    "id": 63,
    "name": "Abra",
    "types": ["Psychic"],
    "images": ["abra","abra1","abra2"],
    "description": "This Pokémon uses its psychic powers while it sleeps. The contents of Abra’s dreams affect the powers that the Pokémon wields.",
    "location": { "latitude": 10.77527, "longitude": 106.70690 },
    "stats": { "hp": 25, "attack": 20, "defense": 15, "speed": 90, "special": 105, "special_defense": 55 },
    "battlePower": 2.1,
    "rating": 3.4
  },
  {
    "id": 64,
    "name": "Kadabra",
    "types": ["Psychic"],
    "images": ["kadabra","kadabra1","kadabra2"],
    "description": "Using its psychic power, Kadabra levitates as it sleeps. It uses its springy tail as a pillow.",
    "location": { "latitude": 10.77650, "longitude": 106.70090 },
    "stats": { "hp": 40, "attack": 35, "defense": 30, "speed": 105, "special": 120, "special_defense": 70 },
    "battlePower": 2.8,
    "rating": 4.2
  },
  {
    "id": 65,
    "name": "Alakazam",
    "types": ["Psychic"],
    "images": ["alakazam","alakazam1","alakazam2"],
    "description": "It has an incredibly high level of intelligence. Some say that Alakazam remembers everything that ever happens to it, from birth till death.",
    "location": { "latitude": 10.77389, "longitude": 106.69167 },
    "stats": { "hp": 55, "attack": 50, "defense": 45, "speed": 120, "special": 135, "special_defense": 95 },
    "battlePower": 4.5,
    "rating": 4.8
  }
]
