{
  "images" : [
    {
      "filename" : "Logo.svg.png",
      "idiom" : "universal",
      "platform" : "ios",
      "size" : "1024x1024"
    },
    {
      "appearances" : [
        {
          "appearance" : "luminosity",
          "value" : "dark"
        }
      ],
      "filename" : "Dark_Logo.png",
      "idiom" : "universal",
      "platform" : "ios",
      "size" : "1024x1024"
    },
    {
      "appearances" : [
        {
          "appearance" : "luminosity",
          "value" : "tinted"
        }
      ],
      "idiom" : "universal",
      "platform" : "ios",
      "size" : "1024x1024"
    },
    {
      "idiom" : "mac",
      "scale" : "1x",
      "size" : "16x16"
    },
    {
      "idiom" : "mac",
      "scale" : "2x",
      "size" : "16x16"
    },
    {
      "idiom" : "mac",
      "scale" : "1x",
      "size" : "32x32"
    },
    {
      "idiom" : "mac",
      "scale" : "2x",
      "size" : "32x32"
    },
    {
      "idiom" : "mac",
      "scale" : "1x",
      "size" : "128x128"
    },
    {
      "idiom" : "mac",
      "scale" : "2x",
      "size" : "128x128"
    },
    {
      "idiom" : "mac",
      "scale" : "1x",
      "size" : "256x256"
    },
    {
      "idiom" : "mac",
      "scale" : "2x",
      "size" : "256x256"
    },
    {
      "idiom" : "mac",
      "scale" : "1x",
      "size" : "512x512"
    },
    {
      "idiom" : "mac",
      "scale" : "2x",
      "size" : "512x512"
    }
  ],
  "info" : {
    "author" : "xcode",
    "version" : 1
  }
}
